[{
  "_id": {
    "$oid": "6903541d8df4c04bf57a7da9"
  },
  "items": [
    {
      "_id": "690255119ec6f6e6f25988c7",
      "name": "ทงคัตสึ",
      "price": 590,
      "quantity": 7
    }
  ],
  "total": 4130,
  "customerInfo": {
    "name": "ห",
    "address": "ห"
  },
  "createdAt": {
    "$date": "2025-10-30T12:03:41.004Z"
  },
  "__v": 0
},
{
  "_id": {
    "$oid": "6903556cc1d2091223056de6"
  },
  "items": [
    {
      "_id": "690255119ec6f6e6f25988c7",
      "name": "ทงคัตสึ",
      "price": 590,
      "quantity": 1
    }
  ],
  "total": 590,
  "customerInfo": {
    "name": "หฟ",
    "address": "หฟ"
  },
  "createdAt": {
    "$date": "2025-10-30T12:09:16.897Z"
  },
  "__v": 0
},
{
  "_id": {
    "$oid": "69035603c1d2091223056de8"
  },
  "items": [
    {
      "_id": "690255119ec6f6e6f25988c7",
      "name": "ทงคัตสึ",
      "price": 590,
      "quantity": 1
    }
  ],
  "total": 590,
  "customerInfo": {
    "name": "s",
    "address": "s"
  },
  "createdAt": {
    "$date": "2025-10-30T12:11:47.785Z"
  },
  "__v": 0
},
{
  "_id": {
    "$oid": "690358b8b206e19c89dc9c9b"
  },
  "items": [
    {
      "_id": "690255119ec6f6e6f25988c7",
      "name": "ทงคัตสึ",
      "price": 590,
      "quantity": 11
    },
    {
      "_id": "6900d32d88a00868b54b80f6",
      "name": "ช็อกโกแลตฟัดจ์",
      "price": 0,
      "quantity": 4
    }
  ],
  "total": 6490,
  "customerInfo": {
    "name": "ห",
    "address": "ห"
  },
  "createdAt": {
    "$date": "2025-10-30T12:23:20.267Z"
  },
  "__v": 0
},
{
  "_id": {
    "$oid": "69035a8fb206e19c89dc9c9f"
  },
  "items": [
    {
      "_id": "690255119ec6f6e6f25988c7",
      "name": "ทงคัตสึ",
      "price": 590,
      "quantity": 3
    }
  ],
  "total": 1770,
  "customerInfo": {
    "name": "s",
    "address": "s"
  },
  "createdAt": {
    "$date": "2025-10-30T12:31:11.683Z"
  },
  "__v": 0
},
{
  "_id": {
    "$oid": "69035b8bb206e19c89dc9ca3"
  },
  "items": [
    {
      "_id": "690255119ec6f6e6f25988c7",
      "name": "ทงคัตสึ",
      "price": 590,
      "quantity": 1
    }
  ],
  "total": 590,
  "customerInfo": {
    "name": "สหรักษ์ หนูขาว",
    "address": "ฟหกฟหกฟกห"
  },
  "createdAt": {
    "$date": "2025-10-30T12:35:23.958Z"
  },
  "__v": 0
},
{
  "_id": {
    "$oid": "69035bf0b206e19c89dc9ca5"
  },
  "items": [
    {
      "_id": "690255119ec6f6e6f25988c7",
      "name": "ทงคัตสึ",
      "price": 590,
      "quantity": 1
    }
  ],
  "total": 590,
  "customerInfo": {
    "name": "ห",
    "address": "ห"
  },
  "createdAt": {
    "$date": "2025-10-30T12:37:04.335Z"
  },
  "__v": 0
},
{
  "_id": {
    "$oid": "69035c69b206e19c89dc9ca7"
  },
  "items": [
    {
      "_id": "690255119ec6f6e6f25988c7",
      "name": "ทงคัตสึ",
      "price": 590,
      "quantity": 1
    }
  ],
  "total": 590,
  "customerInfo": {
    "name": "ฟหก",
    "address": "ฟหกฟ"
  },
  "createdAt": {
    "$date": "2025-10-30T12:39:05.397Z"
  },
  "__v": 0
},
{
  "_id": {
    "$oid": "69035cb2b206e19c89dc9ca9"
  },
  "items": [
    {
      "_id": "690255119ec6f6e6f25988c7",
      "name": "ทงคัตสึ",
      "price": 590,
      "quantity": 1
    }
  ],
  "total": 590,
  "customerInfo": {
    "name": "ห",
    "address": "ห"
  },
  "createdAt": {
    "$date": "2025-10-30T12:40:18.525Z"
  },
  "__v": 0
},
{
  "_id": {
    "$oid": "69035cf2b206e19c89dc9cab"
  },
  "items": [
    {
      "_id": "690255119ec6f6e6f25988c7",
      "name": "ทงคัตสึ",
      "price": 590,
      "quantity": 1
    }
  ],
  "total": 590,
  "customerInfo": {
    "name": "ห",
    "address": "ห"
  },
  "createdAt": {
    "$date": "2025-10-30T12:41:22.661Z"
  },
  "__v": 0
},
{
  "_id": {
    "$oid": "69035d72b206e19c89dc9cad"
  },
  "items": [
    {
      "_id": "690255119ec6f6e6f25988c7",
      "name": "ทงคัตสึ",
      "price": 590,
      "quantity": 2
    }
  ],
  "total": 1180,
  "customerInfo": {
    "name": "ฟหกฟ",
    "address": "ฟหกฟหก"
  },
  "createdAt": {
    "$date": "2025-10-30T12:43:30.295Z"
  },
  "__v": 0
},
{
  "_id": {
    "$oid": "69035ec7503c5224a95ff2ee"
  },
  "items": [
    {
      "_id": "690255119ec6f6e6f25988c7",
      "name": "ทงคัตสึ",
      "price": 590,
      "quantity": 1
    }
  ],
  "total": 590,
  "customerInfo": {
    "name": "ฟหกฟ",
    "address": "ฟหกฟหก"
  },
  "createdAt": {
    "$date": "2025-10-30T12:49:11.026Z"
  },
  "__v": 0
},
{
  "_id": {
    "$oid": "69035f7b216d2a21fd26b4b2"
  },
  "items": [
    {
      "_id": "690255119ec6f6e6f25988c7",
      "name": "ทงคัตสึ",
      "price": 590,
      "quantity": 4
    }
  ],
  "total": 2360,
  "customerInfo": {
    "name": "s",
    "address": "s"
  },
  "createdAt": {
    "$date": "2025-10-30T12:52:11.583Z"
  },
  "__v": 0
},
{
  "_id": {
    "$oid": "69035fbc5decf6568749ce69"
  },
  "items": [
    {
      "_id": "690255119ec6f6e6f25988c7",
      "name": "ทงคัตสึ",
      "price": 590,
      "quantity": 1
    }
  ],
  "total": 590,
  "customerInfo": {
    "name": "s",
    "address": "s"
  },
  "createdAt": {
    "$date": "2025-10-30T12:53:16.524Z"
  },
  "updatedAt": {
    "$date": "2025-10-30T12:53:16.524Z"
  },
  "__v": 0
},
{
  "_id": {
    "$oid": "69035fecd915da1093fa891f"
  },
  "items": [
    {
      "_id": "690255119ec6f6e6f25988c7",
      "name": "ทงคัตสึ",
      "price": 590,
      "quantity": 3
    }
  ],
  "total": 1770,
  "customerInfo": {
    "name": "ssdasda",
    "address": "asdadsad"
  },
  "createdAt": {
    "$date": "2025-10-30T12:54:04.642Z"
  },
  "updatedAt": {
    "$date": "2025-10-30T12:54:04.642Z"
  },
  "__v": 0
},
{
  "_id": {
    "$oid": "6903604a5b7063f59922c50d"
  },
  "items": [
    {
      "_id": "690255119ec6f6e6f25988c7",
      "name": "ทงคัตสึ",
      "price": 590,
      "quantity": 1
    }
  ],
  "total": 590,
  "customerInfo": {
    "name": "asda",
    "address": "asd"
  },
  "createdAt": {
    "$date": "2025-10-30T12:55:38.302Z"
  },
  "updatedAt": {
    "$date": "2025-10-30T12:55:38.302Z"
  },
  "__v": 0
},
{
  "_id": {
    "$oid": "690362045b7063f59922c514"
  },
  "items": [
    {
      "_id": "6902555e9ec6f6e6f25988cd",
      "name": "ไวท์ตี้",
      "price": 290,
      "quantity": 1
    }
  ],
  "total": 290,
  "customerInfo": {
    "name": "asda",
    "address": "asdasda"
  },
  "createdAt": {
    "$date": "2025-10-30T13:03:00.940Z"
  },
  "updatedAt": {
    "$date": "2025-10-30T13:03:00.940Z"
  },
  "__v": 0
},
{
  "_id": {
    "$oid": "6903676e6328069497369269"
  },
  "items": [
    {
      "_id": "6902555e9ec6f6e6f25988cd",
      "name": "ไวท์ตี้",
      "price": 290,
      "quantity": 1
    }
  ],
  "total": 290,
  "customerInfo": {
    "name": "sda",
    "address": "asda"
  },
  "createdAt": {
    "$date": "2025-10-30T13:26:06.374Z"
  },
  "updatedAt": {
    "$date": "2025-10-30T13:26:06.374Z"
  },
  "__v": 0
},
{
  "_id": {
    "$oid": "690408352500acd4b479ed91"
  },
  "items": [
    {
      "_id": "6902555e9ec6f6e6f25988cd",
      "name": "ไวท์ตี้",
      "price": 290,
      "quantity": 1
    }
  ],
  "total": 290,
  "customerInfo": {
    "name": "aa",
    "address": "aa"
  },
  "createdAt": {
    "$date": "2025-10-31T00:52:05.097Z"
  },
  "updatedAt": {
    "$date": "2025-10-31T00:52:05.097Z"
  },
  "__v": 0
},
{
  "_id": {
    "$oid": "690418b570ba4706cd62713f"
  },
  "items": [
    {
      "_id": "6902555e9ec6f6e6f25988cd",
      "name": "ไวท์ตี้",
      "price": 290,
      "quantity": 4
    }
  ],
  "total": 1160,
  "customerInfo": {
    "name": "wqeq",
    "address": "qeqewq"
  },
  "createdAt": {
    "$date": "2025-10-31T02:02:29.822Z"
  },
  "updatedAt": {
    "$date": "2025-10-31T02:02:29.822Z"
  },
  "__v": 0
},
{
  "_id": {
    "$oid": "69041d1370276411d92d28df"
  },
  "items": [
    {
      "_id": "690256499ec6f6e6f25988d7",
      "name": "Sweetheart",
      "price": 280,
      "quantity": 4
    }
  ],
  "total": 1120,
  "customerInfo": {
    "name": "asda",
    "address": "asda"
  },
  "createdAt": {
    "$date": "2025-10-31T02:21:07.114Z"
  },
  "updatedAt": {
    "$date": "2025-10-31T02:21:07.114Z"
  },
  "__v": 0
},
{
  "_id": {
    "$oid": "69042cf370276411d92d28e5"
  },
  "items": [
    {
      "_id": "6902555e9ec6f6e6f25988cd",
      "name": "ไวท์ตี้",
      "price": 290,
      "quantity": 3
    }
  ],
  "total": 870,
  "customerInfo": {
    "name": "fsfs",
    "address": "srrd"
  },
  "createdAt": {
    "$date": "2025-10-31T03:28:51.870Z"
  },
  "updatedAt": {
    "$date": "2025-10-31T03:28:51.870Z"
  },
  "__v": 0
},
{
  "_id": {
    "$oid": "69044c4570276411d92d28ef"
  },
  "items": [
    {
      "_id": "6902555e9ec6f6e6f25988cd",
      "name": "ไวท์ตี้",
      "price": 290,
      "quantity": 2
    }
  ],
  "total": 580,
  "customerInfo": {
    "name": "ihio",
    "address": "uu"
  },
  "createdAt": {
    "$date": "2025-10-31T05:42:29.045Z"
  },
  "updatedAt": {
    "$date": "2025-10-31T05:42:29.045Z"
  },
  "__v": 0
},
{
  "_id": {
    "$oid": "69044e5da3978f8b4ab68031"
  },
  "items": [
    {
      "_id": "6902555e9ec6f6e6f25988cd",
      "name": "ไวท์ตี้",
      "price": 290,
      "quantity": 1
    }
  ],
  "total": 290,
  "customerInfo": {
    "name": "hfhf",
    "address": "yfyg"
  },
  "createdAt": {
    "$date": "2025-10-31T05:51:25.858Z"
  },
  "updatedAt": {
    "$date": "2025-10-31T05:51:25.858Z"
  },
  "__v": 0
},
{
  "_id": {
    "$oid": "690452e18a39a975c519d60a"
  },
  "items": [
    {
      "_id": "6902555e9ec6f6e6f25988cd",
      "name": "ไวท์ตี้",
      "price": 290,
      "quantity": 12
    },
    {
      "_id": "690255119ec6f6e6f25988c7",
      "name": "ทงคัตสึ",
      "price": 580,
      "quantity": 2
    }
  ],
  "total": 4640,
  "customerInfo": {
    "name": "1234",
    "address": "111111"
  },
  "createdAt": {
    "$date": "2025-10-31T06:10:41.495Z"
  },
  "updatedAt": {
    "$date": "2025-10-31T06:10:41.495Z"
  },
  "__v": 0
}]