[{
  "_id": {
    "$oid": "690255119ec6f6e6f25988c7"
  },
  "name": "ทงคัตสึ",
  "description": "เค้กมิดไนท์ครันช์คุกกี้แอนด์ครีม",
  "price": 580,
  "imageUrl": "https://bowcake.com/wp-content/uploads/2025/01/V01-cake-pok-1.jpg",
  "category": "เค้กทั่วไป",
  "__v": 0
},
{
  "_id": {
    "$oid": "6902555e9ec6f6e6f25988cd"
  },
  "name": "ไวท์ตี้",
  "description": "เค้กมิดไนท์ครันช์คุกกี้แอนด์ครีม มินิ (3.5-4 นิ้ว)",
  "price": 290,
  "imageUrl": "https://bowcake.com/wp-content/uploads/2025/06/U08-cake-pok-1.jpg",
  "category": "เค้กทั่วไป",
  "__v": 0
},
{
  "_id": {
    "$oid": "690255a69ec6f6e6f25988cf"
  },
  "name": "บาร์บาร่า",
  "description": "เค้กนามะช็อกโกแลตนมสด มินิ (3.5-4 นิ้ว)",
  "price": 290,
  "imageUrl": "https://bowcake.com/wp-content/uploads/2024/12/U02-cake-pok-1.jpg",
  "category": "เค้กทั่วไป",
  "__v": 0
},
{
  "_id": {
    "$oid": "690255ca9ec6f6e6f25988d1"
  },
  "name": "Benji (HBD)",
  "description": "เค้กนูเทลล่ากล้วยหอม มินิ (3.5-4 นิ้ว)",
  "price": 290,
  "imageUrl": "https://bowcake.com/wp-content/uploads/2025/09/G18-cake-pok.jpg",
  "category": "เค้กทั่วไป",
  "__v": 0
},
{
  "_id": {
    "$oid": "690255ea9ec6f6e6f25988d3"
  },
  "name": "Peekaboo",
  "description": "เค้กไข่เค็มครัมเบิ้ล มินิ (3.5-4 นิ้ว) M (5-6 นิ้ว) L (8-9 นิ้ว)",
  "price": 280,
  "imageUrl": "https://bowcake.com/wp-content/uploads/2025/09/T03-cake-pok.jpg",
  "category": "เค้กทั่วไป",
  "__v": 0
},
{
  "_id": {
    "$oid": "690256099ec6f6e6f25988d5"
  },
  "name": "เจเรมี",
  "description": "เค้กมะพร้าวครีมสด มินิ (3.5-4 นิ้ว)",
  "price": 280,
  "imageUrl": "https://bowcake.com/wp-content/uploads/2024/12/U01-cake-pok-1.jpg",
  "category": "เค้กทั่วไป",
  "__v": 0
},
{
  "_id": {
    "$oid": "690256499ec6f6e6f25988d7"
  },
  "name": "Sweetheart",
  "description": "เค้กบลูเบอร์รี่ มินิ (3.5-4 นิ้ว) M (5-6 นิ้ว) L (8-9 นิ้ว)",
  "price": 280,
  "imageUrl": "https://bowcake.com/wp-content/uploads/2025/09/A09-cake-03.jpg",
  "category": "เค้กทั่วไป",
  "__v": 0
},
{
  "_id": {
    "$oid": "690256709ec6f6e6f25988d9"
  },
  "name": "เค้กครันชีช็อกบอมบ์ (ราคาโปร 199.- ปกติ 220.-)",
  "description": "เค้กครันชีช็อกบอมบ์ (เค้กถ้วย)",
  "price": 199,
  "imageUrl": "https://bowcake.com/wp-content/uploads/2025/10/w01-cake-03.jpg",
  "category": "เค้กทั่วไป",
  "__v": 0
},
{
  "_id": {
    "$oid": "690257f098ad21ffdf34f45c"
  },
  "name": "Scarlet Kiss (ราคาโปร 720.- ปกติ 690.-)",
  "description": "เค้กครันชีนูเทลล่า (ปอนด์พิเศษ)",
  "price": 690,
  "imageUrl": "https://bowcake.com/wp-content/uploads/2025/08/G14-cake-01.jpg",
  "category": "เค้กทั่วไป",
  "__v": 0
},
{
  "_id": {
    "$oid": "6904535d8a39a975c519d60c"
  },
  "name": "caketest1234",
  "description": "cakeeeeeee",
  "price": 10000000,
  "imageUrl": "https://img.lovepik.com/png/20231116/three-dimensional-birthday-cake-dessert-draft-beer-delicious-cake-Yama_608943_wh1200.png",
  "category": "เค้กทั่วไป",
  "__v": 0
}]